Workbook
Name Datenschnitt_Artikelname: #N/A
Name Datenschnitt_Jahr: #N/A

Sheet Scribble

Sheet Dashboard
A2: Vormonatsvergleich
A4: =Datenvorbereitung!A13 -> Dezember | B4: =Datenvorbereitung!C7 -> 117768.87 | E4: #VALUE!
A5: =Datenvorbereitung!F13 -> November | B5: =Datenvorbereitung!B7 -> 38927.395
A7: Verkäufe nach Produktkategorien/ Produkte
B9: =A4 -> Dezember | C9: =A5 -> November
A11: =Datenvorbereitung!I12 -> Füllfederhalter | B11: =Datenvorbereitung!J12 -> 19372.496 | C11: =Datenvorbereitung!K12 -> 0 | E11: =IFERROR(B11/C11-1,"")
A12: =Datenvorbereitung!I13 -> Metallschneidegerät | B12: =Datenvorbereitung!J13 -> 0 | C12: =Datenvorbereitung!K13 -> 19549.78 | E12: =IFERROR(B12/C12-1,"") -> -1
A13: =Datenvorbereitung!I14 -> PDF24 | B13: =Datenvorbereitung!J14 -> 24640.284 | C13: =Datenvorbereitung!K14 -> 0 | E13: =IFERROR(B13/C13-1,"")
A15: << Filter >>
A16: Top3 Kunden zu Produktverkäufe | E16: Top3 Verkäufer zu Produktverkäufe
G19: Stand: | H19: =TODAY() -> 45999

Sheet Datenvorbereitung
A1: Datenauswertungen für Dashboard
M3: Definition | N3: NeuMonat | P3: Definition | Q3: NeuMonat
B4: VorMonat | C4: NeuMonat
A5: Summe von EndpreisNetto | B5: 38927.395 | C5: 117768.87 | M5: Monat | N5: Nettosummen | P5: Monat | Q5: Nettosummen
M6: Dehmel Benthin OHG mbH | N6: 19811.072 | P6: Albin Jähn | Q6: 27946.159
A7: =A5 -> Summe von EndpreisNetto | B7: =B5 -> 38927.395 | C7: =C5 -> 117768.87 | E7: =C7/B7-1 -> 2.0253467 | M7: Kambs AG | N7: 23836.694 | P7: Hubert Mies B.A. | Q7: 23917.73
M8: Schmiedt Holt GmbH | N8: 29380.048 | P8: Sofia von Schlauchin | Q8: 27924.989
M9: Gesamtergebnis | N9: 117768.87 | P9: Gesamtergebnis | Q9: 117768.87
A10: Definition | B10: NeuMonat | F10: Definition | G10: VorMonat | I10: Nettosummen
I11: Monat | J11: NeuMonat | K11: VorMonat
A12: Monat | F12: Monat | I12: Füllfederhalter | J12: 19372.496
A13: Dezember | F13: November | I13: Metallschneidegerät | K13: 19549.78
I14: PDF24 | J14: 24640.284
I15: Gesamtergebnis | J15: 117768.87 | K15: 38927.395

Sheet Kunden
A1: KundenID | B1: Kundennummer | C1: Firmenname | D1: Straße | E1: PLZ | F1: Stadt | G1: Land | H1: Branche
A2: 1 | B2: SD-012824 | C2: Geisler GmbH | D2: Hartmannallee 7 | E2: 46434 | F2: Meißen | G2: DE | H2: Handel
A3: 2 | B3: SD-015012 | C3: Holt | D3: Anna-Marie-Killer-Platz 58 | E3: 19727 | F3: Lichtenfels | G3: DE | H3: IT
A4: 3 | B4: SD-012679 | C4: Dietz GmbH & Co. KG | D4: Stadelmannstr. 140 | E4: 35618 | F4: Kleve | G4: DE | H4: Industrie
A5: 4 | B5: SD-017912 | C5: Eimer Mans AG & Co. KGaA | D5: Beyerstraße 9 | E5: 81658 | F5: Sondershausen | G5: DE | H5: Industrie
A6: 5 | B6: SD-012535 | C6: Schmiedt Holt GmbH | D6: Luisa-Wilmsen-Weg 56 | E6: 93007 | F6: Bad Brückenau | G6: DE | H6: IT
A7: 6 | B7: SD-019279 | C7: Henk Nerger AG | D7: Katarzyna-Stiffel-Allee 7 | E7: 43031 | F7: Miesbach | G7: DE | H7: Dienstleistung
A8: 7 | B8: SD-014257 | C8: Süßebier Schleich GmbH & Co. OHG | D8: Jose-Kobelt-Gasse 140 | E8: 78850 | F8: Zerbst | G8: DE | H8: Lebensmittel
A9: 8 | B9: SD-014611 | C9: Süßebier | D9: Schweitzerring 115 | E9: 56918 | F9: Kusel | G9: DE | H9: Dienstleistung
A10: 9 | B10: SD-015557 | C10: Dehmel Benthin OHG mbH | D10: Lindaustr. 2 | E10: 72834 | F10: Sebnitz | G10: DE | H10: IT
A11: 10 | B11: SD-017924 | C11: Seifert AG | D11: Kohlring 88 | E11: 84658 | F11: Altötting | G11: DE | H11: Handel
A12: 11 | B12: SD-013547 | C12: Berger | D12: Traudl-Lindner-Ring 56 | E12: 91325 | F12: Eisenberg | G12: DE | H12: Handel
A13: 12 | B13: SD-012674 | C13: Austermühle | D13: Schmiedtplatz 24 | E13: 36147 | F13: Sankt Goar | G13: DE | H13: Lebensmittel
... A31: 30 | B31: SD-016155 | C31: Bähr | D31: Holstenweg 55 | E31: 05097 | F31: Melsungen | G31: DE | H31: Lebensmittel

Sheet Mitarbeiter
A1: MitarbeiterID | B1: Name | C1: Abteilung
A2: 1 | B2: Sofia von Schlauchin | C2: Vertrieb
A3: 2 | B3: Hubert Mies B.A. | C3: Vertrieb
A4: 3 | B4: Rainer Tröst-Girschner | C4: Vertrieb
A5: 4 | B5: Sieghard Kühnert-Seip | C5: Vertrieb
A6: 5 | B6: Albin Jähn | C6: Vertrieb

Sheet Aufträge
A1: AuftragsID | B1: KundenID | C1: MitarbeiterID | D1: Auftragsdatum | E1: Auftragsnummer
A2: 1 | B2: 13 | C2: 4 | D2: 45180 | E2: A-2023-0001
A3: 2 | B3: 9 | C3: 2 | D3: 45181 | E3: A-2023-0002
A4: 3 | B4: 24 | C4: 5 | D4: 45609 | E4: A-2024-0003
A5: 4 | B5: 24 | C5: 5 | D5: 45644 | E5: A-2024-0004
A6: 5 | B6: 29 | C6: 5 | D6: 45458 | E6: A-2024-0005
A7: 6 | B7: 12 | C7: 2 | D7: 45154 | E7: A-2023-0006
A8: 7 | B8: 17 | C8: 4 | D8: 45269 | E8: A-2023-0007
A9: 8 | B9: 25 | C9: 1 | D9: 45118 | E9: A-2023-0008
A10: 9 | B10: 5 | C10: 2 | D10: 45643 | E10: A-2024-0009
A11: 10 | B11: 20 | C11: 1 | D11: 45395 | E11: A-2024-0010
A12: 11 | B12: 13 | C12: 5 | D12: 45324 | E12: A-2024-0011
A13: 12 | B13: 17 | C13: 3 | D13: 44983 | E13: A-2023-0012
... A51: 50 | B51: 5 | C51: 4 | D51: 45285 | E51: A-2023-0050

Sheet Auftragsdetails
A1: DetailID | B1: AuftragsID | C1: ArtikelID | D1: Einzelpreis | E1: Menge | F1: Rabatt
A2: 1 | B2: 1 | C2: 1 | D2: 985.46 | E2: 9 | F2: 0.15
A3: 2 | B3: 1 | C3: 10 | D3: 428.78 | E3: 18 | F3: 0.15
A4: 3 | B4: 2 | C4: 7 | D4: 303.74 | E4: 2 | F4: 0
A5: 4 | B5: 3 | C5: 11 | D5: 66.59 | E5: 19 | F5: 0.15
A6: 5 | B6: 3 | C6: 17 | D6: 920.19 | E6: 17 | F6: 0.05
A7: 6 | B7: 3 | C7: 2 | D7: 961.17 | E7: 3 | F7: 0.05
A8: 7 | B8: 4 | C8: 20 | D8: 77.28 | E8: 8 | F8: 0.15
A9: 8 | B9: 5 | C9: 19 | D9: 253.75 | E9: 20 | F9: 0
A10: 9 | B10: 6 | C10: 3 | D10: 425.03 | E10: 19 | F10: 0.1
A11: 10 | B11: 6 | C11: 9 | D11: 212.22 | E11: 11 | F11: 0.05
A12: 11 | B12: 6 | C12: 9 | D12: 401.83 | E12: 10 | F12: 0.15
A13: 12 | B13: 7 | C13: 3 | D13: 19.22 | E13: 20 | F13: 0
... A103: 102 | B103: 50 | C103: 10 | D103: 229.38 | E103: 8 | F103: 0.1

Sheet Artikel
A1: ArtikelID | B1: Artikelname | C1: Kategorie | D1: Lieferant
A2: 1 | B2: Kekse | C2: Lebensmittel | D2: Klingelhöfer GbR
A3: 2 | B3: Kugelschreiber | C3: Bürobedarf | D3: Büro-Office GmbH
A4: 3 | B4: SQL-Server | C4: Software | D4: Kohl GmbH & Co. KG
A5: 4 | B5: Bohrhammer | C5: Elektronik | D5: Bolnbach AG
A6: 5 | B6: DIN A4 Papier | C6: Bürobedarf | D6: Büro-Office GmbH
A7: 6 | B7: Winkelschleifer | C7: Maschinen | D7: Bolnbach AG
A8: 7 | B8: Studio-Lampe | C8: Elektronik | D8: Söding & Partner Leuchten
A9: 8 | B9: Accu-Ladestation | C9: Elektronik | D9: Loos Beyer AG
A10: 9 | B10: Metallschneidegerät | C10: Maschinen | D10: Bolnbach AG
A11: 10 | B11: USB-Anschlüsse | C11: Elektronik | D11: Loos Beyer AG
A12: 11 | B12: AAA-Batterien | C12: Elektronik | D12: Loos Beyer AG
A13: 12 | B13: MS-Office | C13: Software | D13: Kohl GmbH & Co. KG
... A21: 20 | B21: PDF24 | C21: Software | D21: Kohl GmbH & Co. KG
